address,japanese,korean,compact_len,slot_len,overflow_bytes,freq
0x00A29C63,できる。,할 수 있다.,9,8,1,26
0x00A2B03B,できる。,할 수 있다.,9,8,1,26
0x00A31733,できる。,할 수 있다.,9,8,1,26
0x00A31C9A,できる。,할 수 있다.,9,8,1,26
0x00A323BA,できる。,할 수 있다.,9,8,1,26
0x00A32620,できる。,할 수 있다.,9,8,1,26
0x00A32808,できる。,할 수 있다.,9,8,1,26
0x00A32B16,できる。,할 수 있다.,9,8,1,26
0x00A32BA2,できる。,할 수 있다.,9,8,1,26
0x00A32F32,できる。,할 수 있다.,9,8,1,26
0x00A330F0,できる。,할 수 있다.,9,8,1,26
0x00A33C6C,できる。,할 수 있다.,9,8,1,26
0x00A33E14,できる。,할 수 있다.,9,8,1,26
0x00DECB8A,できる。,할 수 있다.,9,8,1,26
0x00DED2E8,できる。,할 수 있다.,9,8,1,26
0x00DED5B0,できる。,할 수 있다.,9,8,1,26
0x00DED9F4,できる。,할 수 있다.,9,8,1,26
0x00DEDC72,できる。,할 수 있다.,9,8,1,26
0x00DEDE1A,できる。,할 수 있다.,9,8,1,26
0x00DEE03C,できる。,할 수 있다.,9,8,1,26
0x00DEE150,できる。,할 수 있다.,9,8,1,26
0x00DEE39A,できる。,할 수 있다.,9,8,1,26
0x00DEE604,できる。,할 수 있다.,9,8,1,26
0x00DEE9D2,できる。,할 수 있다.,9,8,1,26
0x00DEF36A,できる。,할 수 있다.,9,8,1,26
0x00DF59AD,できる。,할 수 있다.,9,8,1,26
0x00A048CA,だから、,"그러니까,",9,8,1,8
0x00A10664,だから、,"그러니까,",9,8,1,8
0x00A15318,だから、,"그러니까,",9,8,1,8
0x00A224E3,だから、,"그러니까,",9,8,1,8
0x00A25E7B,だから、,"그러니까,",9,8,1,8
0x00D92527,だから、,"그러니까,",9,8,1,8
0x00DA1C80,だから、,"그러니까,",9,8,1,8
0x00DCB8B3,だから、,"그러니까,",9,8,1,8
0x00804FC8,はいえ▼,예아니오▼,10,8,2,6
0x00942A38,はいえ▼,예아니오▼,10,8,2,6
0x0097AEEC,はいえ▼,예아니오▼,10,8,2,6
0x009B3790,はいえ▼,예아니오▼,10,8,2,6
0x009EC034,はいえ▼,예아니오▼,10,8,2,6
0x00EFAB80,はいえ▼,예아니오▼,10,8,2,6
0x00A2C404,アニメを表示しません,애니메이션을 표시하지 않습니다,28,20,8,6
0x00A2C570,アニメを表示しません,애니메이션을 표시하지 않습니다,28,20,8,6
0x00A34E40,アニメを表示しません,애니메이션을 표시하지 않습니다,28,20,8,6
0x00DF2C04,アニメを表示しません,애니메이션을 표시하지 않습니다,28,20,8,6
0x00EC31C2,アニメを表示しません,애니메이션을 표시하지 않습니다,28,20,8,6
0x00EC3342,アニメを表示しません,애니메이션을 표시하지 않습니다,28,20,8,6
0x00D951EE,の能力をためしたいの。,의 능력을 시험해 보고 싶어.,23,22,1,5
0x00D971B4,の能力をためしたいの。,의 능력을 시험해 보고 싶어.,23,22,1,5
0x00D97608,の能力をためしたいの。,의 능력을 시험해 보고 싶어.,23,22,1,5
0x00D97648,の能力をためしたいの。,의 능력을 시험해 보고 싶어.,23,22,1,5
0x00D996C8,の能力をためしたいの。,의 능력을 시험해 보고 싶어.,23,22,1,5
0x00A2C440,戦闘アニメのみ表示します,전투 애니메이션만 표시합니다,26,24,2,4
0x00A2C5AC,戦闘アニメのみ表示します,전투 애니메이션만 표시합니다,26,24,2,4
0x00EC3202,戦闘アニメのみ表示します,전투 애니메이션만 표시합니다,26,24,2,4
0x00EC3382,戦闘アニメのみ表示します,전투 애니메이션만 표시합니다,26,24,2,4
0x00A2C41C,戦闘アニメと占領アニメを表示します,전투 애니메이션과 점령 애니메이션을 표시합니다,42,34,8,4
0x00A2C588,戦闘アニメと占領アニメを表示します,전투 애니메이션과 점령 애니메이션을 표시합니다,42,34,8,4
0x00EC31DA,戦闘アニメと占領アニメを表示します,전투 애니메이션과 점령 애니메이션을 표시합니다,42,34,8,4
0x00EC335A,戦闘アニメと占領アニメを表示します,전투 애니메이션과 점령 애니메이션을 표시합니다,42,34,8,4
0x00A135C8,バカモノ！,바보 같으니!,11,10,1,3
0x00A136A5,バカモノ！,바보 같으니!,11,10,1,3
0x00A14DB0,バカモノ！,바보 같으니!,11,10,1,3
0x00A19A98,どうした？,무슨 일이야?,11,10,1,3
0x00A1C8E8,どうした？,무슨 일이야?,11,10,1,3
0x00A1DE48,どうした？,무슨 일이야?,11,10,1,3
0x00DC8155,お金が高いとか。,돈이 많이 든다든가.,17,16,1,3
0x00DC8319,お金が高いとか。,돈이 많이 든다든가.,17,16,1,3
0x00DC8521,お金が高いとか。,돈이 많이 든다든가.,17,16,1,3
0x00A31E6F,歩兵系以外の陸ユニットに,보병 계열 이외의 지상 유닛에게,26,24,2,3
0x00A32155,歩兵系以外の陸ユニットに,보병 계열 이외의 지상 유닛에게,26,24,2,3
0x00A32FA3,歩兵系以外の陸ユニットに,보병 계열 이외의 지상 유닛에게,26,24,2,3
0x00A334F9,対する攻撃力。,상대에 대한 공격력.,17,14,3,3
0x00A33571,対する攻撃力。,상대에 대한 공격력.,17,14,3,3
0x00DED794,対する攻撃力。,상대에 대한 공격력.,17,14,3,3
0x00E08D37,前の話は・・・,아까 그 이야기는...,17,14,3,3
0x00E0B007,前の話は・・・,아까 그 이야기는...,17,14,3,3
0x00E0D2B3,前の話は・・・,아까 그 이야기는...,17,14,3,3
0x00A01D0D,正面決戦が今、始まる！,정면 결전이 지금 시작된다!,23,22,1,2
0x00A01E83,正面決戦が今、始まる！,정면 결전이 지금 시작된다!,23,22,1,2
0x00A04368,いい判断ね。,좋은 판단이야.,13,12,1,2
0x00A0572C,きっと勝ってみせます！,반드시 이겨 보이겠습니다!,23,22,1,2
0x00A05DC3,心をしずめないと。,마음을 가라앉혀야지.,19,18,1,2
0x00A0E2F3,ひとつの手よ。,하나의 방법이야.,15,14,1,2
0x00A0EAAC,いい判断ね。,좋은 판단이야.,13,12,1,2
0x00A0F2D5,心をしずめないと。,마음을 가라앉혀야지.,19,18,1,2
0x00A131E2,ひとつの手よ。,하나의 방법이야.,15,14,1,2
0x00A1430F,貴様の助けなどいらぬわ。,네놈의 도움 따위는 필요 없다.,25,24,1,2
0x00A144AF,貴様の助けなどいらぬわ。,네놈의 도움 따위는 필요 없다.,25,24,1,2
0x00A18808,なんと！,이럴수가!,9,8,1,2
0x00A18BB9,必ずや勝ってみせます！,반드시 이겨 보이겠습니다!,23,22,1,2
0x00A1D01C,やるだけやってみるさ。,할 수 있는 데까지 해보겠어.,23,22,1,2
0x00A1D1F9,やるだけやってみるさ。,할 수 있는 데까지 해보겠어.,23,22,1,2
0x00A22ACB,次の戦場へ急ぐのだ！,다음 전장으로 서두른다!,21,20,1,2
0x00A22DF9,あたしの勝ちじゃん。,다음 전장으로 서두른다!,21,20,1,2
0x00A25ACC,なんと！,이럴수가!,9,8,1,2
0x00A29C90,移動できる。,이동할 수 있다.,13,12,1,2
0x00A2A42B,一撃が出やすくなり、,"일격이 나오기 쉬워지고,",21,20,1,2
0x00A2A487,一撃が出やすくなり、,"일격이 나오기 쉬워지고,",21,20,1,2
0x00A2A9A0,歩兵系の攻撃力が高く、,"보병 계열의 공격력이 높고,",23,22,1,2
0x00A2A9F7,直接攻撃が苦手。,직접 공격이 서툴다.,17,16,1,2
0x00A2AB49,直接攻撃が苦手。,직접 공격이 서툴다.,17,16,1,2
0x00A2B17D,燃料を半分にさせる。,연료를 절반으로 줄인다.,21,20,1,2
0x00A2B1D3,燃料を半分にさせる。,연료를 절반으로 줄인다.,21,20,1,2
0x00A2BEC4,歩兵系の攻撃力が高く、,"보병 계열의 공격력이 높고,",23,22,1,2
0x00A2BF44,戦闘ヘリの攻撃力が上がる。,전투 헬기의 공격력이 상승한다.,27,26,1,2
0x00A2BFBC,戦闘ヘリの攻撃力が上がる。,전투 헬기의 공격력이 상승한다.,27,26,1,2
0x00A2C8C4,セーブしますか？,저장하시겠습니까?,17,16,1,2
0x00A2D9F0,何もないよ。,아무것도 없어.,13,12,1,2
0x00A316D9,移動コストで移動できる。,이동 비용으로 이동할 수 있다.,25,24,1,2
0x00A31F3F,地上最強をほこる戦車。,지상 최강을 자랑하는 전차.,23,22,1,2
0x00A31FA1,主砲のタマが切れた時は、,"주포의 탄약이 떨어졌을 때는,",25,24,1,2
0x00A32B5D,移動力をほこる。,이동력을 자랑한다.,17,16,1,2
0x00A32F51,主砲のタマが切れた時は、,"주포의 탄약이 떨어졌을 때는,",25,24,1,2
0x00A33003,船系に対する攻撃力。,함선 계열에 대한 공격력.,21,20,1,2
0x00A338BD,で移動できる。,로 이동할 수 있다.,15,14,1,2
0x00D822D8,セーブしますか？,저장하시겠습니까?,17,16,1,2
0x00D9B605,だから、ここは,"그러니까, 여기는",15,14,1,2
0x00DA3358,だから、ここは,"그러니까, 여기는",15,14,1,2
0x00DCC2F8,でも　もうこれでさいご。,하지만 이제 이게 마지막이야.,25,24,1,2
0x00DCD64D,でも　もうこれでさいご。,하지만 이제 이게 마지막이야.,25,24,1,2
0x00DECCE5,移動コストで移動できる。,이동 비용으로 이동할 수 있다.,25,24,1,2
0x00DED561,地上最強をほこる戦車。,지상 최강을 자랑하는 전차.,23,22,1,2
0x00DEE19F,移動力をほこる。,이동력을 자랑한다.,17,16,1,2
0x00DEE6E7,船系に対する攻撃力。,함선 계열에 대한 공격력.,21,20,1,2
0x00DEEFE1,で移動できる。,로 이동할 수 있다.,15,14,1,2
0x00DF2102,首都占領か敵全滅で勝利よ！,수도 점령이나 적 전멸로 승리야!,27,26,1,2
0x00DF22DE,首都占領か敵全滅で勝ちよ！,수도 점령이나 적 전멸로 승리야!,27,26,1,2
0x00DF57FD,移動できる。,이동할 수 있다.,13,12,1,2
0x00DFB4F2,何もないよ。,아무것도 없어.,13,12,1,2
0x00E08DA3,たしかめてくれば？,확인해 보고 오지 그래?,19,18,1,2
0x00E08EAD,あたまがかたいのよね。,머리가 너무 딱딱하다니까.,23,22,1,2
0x00E0B073,たしかめてくれば？,확인해 보고 오지 그래?,19,18,1,2
0x00E0B179,あたまがかたいのよね。,머리가 너무 딱딱하다니까.,23,22,1,2
0x00A01CD5,橋の上で守りきれるか！？,다리 위에서 막아낼 수 있을까!?,26,24,2,2
0x00A01E4D,橋の上で守りきれるか！？,다리 위에서 막아낼 수 있을까!?,26,24,2,2
0x00A03D5D,１回の占領で耐久力を,한 번의 점령으로 내구력을,22,20,2,2
0x00A045E4,１回の占領で耐久力を,한 번의 점령으로 내구력을,22,20,2,2
0x00A0C460,７日あれば可能かと。,7일이면 가능할 듯합니다.,22,20,2,2
0x00A12230,７日あれば可能かと。,7일이면 가능할 듯합니다.,22,20,2,2
0x00A1FFFF,この面ではとにかく,이번 전장에서는 어쨌든,20,18,2,2
0x00A20157,この面ではとにかく,이번 전장에서는 어쨌든,20,18,2,2
0x00A2992C,マップをぬける,지도을 빠져나가는,16,14,2,2
0x00A2AB0C,間接攻撃の射程が,간접 공격의 사거리가,18,16,2,2
0x00A2AB5C,間接攻撃の射程が,간접 공격의 사거리가,18,16,2,2
0x00A3244C,できる,할 수 있어,8,6,2,2
0x00A33A0C,海、岩礁を移動できる。,"바다, 암초를 이동할 수 있다.",24,22,2,2
0x00B82D58,マップをぬける,지도을 빠져나가는,16,14,2,2
0x00D70CE9,ァケァケァケァ織,ァケァケァケァ직조,18,16,2,2
0x00D70DD2,ァケァケァケァ織,ァケァケァケァ직조,18,16,2,2
0x00D9C881,できる,할 수 있다,8,6,2,2
0x00DCC63A,海で　勝てる人は　なかなかいない,바다에서 이길 수 있는 사람은 좀처럼 없어,34,32,2,2
0x00DCD9DA,海で　勝てる人は　なかなかいない,바다에서 이길 수 있는 사람은 좀처럼 없어,34,32,2,2
0x00DECB96,副砲での、歩兵系に対する,부포로 보병 계열을 상대할 때의,26,24,2,2
0x00DECC4A,副砲での、ヘリ系に対する,부포로 헬기 계열을 상대할 때의,26,24,2,2
0x00DECE6E,副砲での、歩兵系に対する,부포로 보병 계열을 상대할 때의,26,24,2,2
0x00DECF1E,副砲での、ヘリ系に対する,부포로 헬기 계열을 상대할 때의,26,24,2,2
0x00DEDA92,できる,할 수 있다,8,6,2,2
0x00DEDAC8,できる,할 수 있어,8,6,2,2
0x00DEF0DE,海、岩礁を移動できる。,"바다, 암초를 이동할 수 있다.",24,22,2,2
0x00A033BF,それが、,"그게 말이야,",11,8,3,2
0x00A04B2D,それが、,"그게 말이야,",11,8,3,2
0x00A0B1A4,そこそこ戦えるから、,"그럭저럭 싸울 수 있으니까,",23,20,3,2
0x00A0C669,そこそこ戦えるから、,"그럭저럭 싸울 수 있으니까,",23,20,3,2
0x00A10C38,どうなさいます？,어떻게 하시겠습니까?,19,16,3,2
0x00A15828,どうなさいます？,어떻게 하시겠습니까?,19,16,3,2
0x00A200EC,次こそムダにはせんぞ！,다음번엔 헛되이 하지 않겠다!,25,22,3,2
0x00A202BC,次こそムダにはせんぞ！,다음번엔 헛되이 하지 않겠다!,25,22,3,2
0x00A29AD4,守りにはむかない。,방어에는 적합하지 않다.,21,18,3,2
0x00A29D88,陸と陸をむすぶ橋。,육지와 육지를 잇는 다리.,21,18,3,2
0x00A2C9FC,終了しますか？,종료하시겠습니까?,17,14,3,2
0x00A315D9,ごかくに戦える。,대등하게 싸울 수 있다.,19,16,3,2
0x00A32901,ごかくに戦える。,대등하게 싸울 수 있다.,19,16,3,2
0x00A32A5C,対空ミサイルでの、ヘリ系に,"대공 미사일을 사용한, 헬기 계열에",29,26,3,2
0x00A32BF0,対空ミサイルでの、ヘリ系に,"대공 미사일을 사용한, 헬기 계열에",29,26,3,2
0x00A34719,倒せば勝利よ！,쓰러뜨리면 승리야!,17,14,3,2
0x00A34917,倒して勝利よ！,쓰러뜨리면 승리야!,17,14,3,2
0x00D82410,終了しますか？,종료하시겠습니까?,17,14,3,2
0x00DF55ED,守りにはむかない。,방어에는 적합하지 않다.,21,18,3,2
0x00DF5937,陸と陸をむすぶ橋。,육지와 육지를 잇는 다리.,21,18,3,2
0x00A34E27,戦闘アニメを表示します,전투 애니메이션을 표시합니다,26,22,4,2
0x00DF2BEB,戦闘アニメを表示します,전투 애니메이션을 표시합니다,26,22,4,2
0x00A05DE6,あいつを倒すのよ。,저 녀석을 쓰러뜨리는 거야.,23,18,5,2
0x00A0F2F1,あいつを倒すのよ。,저 녀석을 쓰러뜨리는 거야.,23,18,5,2
0x00A29DC0,陸から海に続く地形。,육지에서 바다로 이어지는 지형.,27,20,7,2
0x00DF597B,陸から海に続く地形。,육지에서 바다로 이어지는 지형.,27,20,7,2
0x00A2C358,拠点から入る収入を設定できます,거점에서 들어오는 수입을 설정할 수 있습니다,38,30,8,2
0x00EC310A,拠点から入る収入を設定できます,거점에서 들어오는 수입을 설정할 수 있습니다,38,30,8,2
0x00979755,沓掘靴沓掘靴沓掘,구두굴구두구두굴구두구두굴,26,16,10,2
0x009EA89D,沓掘靴沓掘靴沓掘,구두굴구두구두굴구두구두굴,26,16,10,2
0x00D7CDC8,虎虎虎虎虎虎鼓原,호랑이호랑이호랑이호랑이호랑이호랑이북벌판,42,16,26,2
0x00D7CDEE,虎虎虎虎虎虎鼓原,호랑이호랑이호랑이호랑이호랑이호랑이북벌판,42,16,26,2
0x00A01EFC,陸上部隊一切なし。,육상 부대는 전혀 없다.,19,18,1,1
0x00A02005,攻略するアスカの作戦は？,공략하려는 아스카의 작전은?,25,24,1,1
0x00A02063,敵の新兵器が待ちうける。,적의 신병기가 기다리고 있다.,25,24,1,1
0x00A02245,この森をどうこえる？,이 숲을 어떻게 넘어가지?,21,20,1,1
0x00A02401,新型戦車の設計図をうばえ！,신형 전차의 설계도를 빼앗아라!,27,26,1,1
0x00A025A9,損害がふえる一方です！,피해가 계속 늘고 있습니다!,23,22,1,1
0x00A026AE,これより追撃に入ります！,지금부터 추격에 들어갑니다!,25,24,1,1
0x00A027C4,なにを言ってるの！,무슨 소리를 하는 거야!,19,18,1,1
0x00A028EC,右上にいる黒いユニットよ。,오른쪽 위에 있는 검은 유닛이야.,27,26,1,1
0x00A02A7B,を使うの。,을 쓰는 거야.,11,10,1,1
0x00A02B65,自軍の全行動が終わり、,"아군의 모든 행동이 끝나면,",23,22,1,1
0x00A03D09,拠点の耐久力よ。,거점의 내구력이야.,17,16,1,1
0x00A03DF5,耐久力が元に戻ってしまうから、,"내구력이 원래대로 돌아가 버리니까,",31,30,1,1
0x00A0426C,次こそ、ぼくの本当の,"다음번에야말로, 내 진짜",21,20,1,1
0x00A04C1E,説明に戻るわね。,설명으로 돌아갈게.,17,16,1,1
0x00A04D92,生産できる拠点があれば、,"생산할 수 있는 거점이 있으면,",25,24,1,1
0x00A04E3D,損な事は無いから、,"손해 볼 일은 없으니까,",19,18,1,1
0x00A05211,山にも登れるわ。,산에도 오를 수 있어.,17,16,1,1
0x00A052E6,軽戦車にぶつけても十分戦えるはずよ！,경전차와 맞붙어도 충분히 싸울 수 있을 거야!,37,36,1,1
0x00A05363,どこかで、,"어딘가에서,",11,10,1,1
0x00A0552F,いい国だ。,좋은 나라야.,11,10,1,1
0x00A05C93,ごちゃごちゃ言うヤツは、,"이러쿵저러쿵 떠드는 녀석은,",25,24,1,1
0x00A05E2B,こなしてると思うけど、,"해내고 있다고 생각하지만,",23,22,1,1
0x00A06171,戦いは先手必勝よ。,싸움은 선수필승이야.,19,18,1,1
0x00A064A1,軽戦車と同レベル以上に戦えるほか、,"경전차와 동레벨 이상으로 싸우는 것 외에,",35,34,1,1
0x00A073A4,まずい状況ね。,위험한 상황이네.,15,14,1,1
0x00A07901,いけます！,갈 수 있어요!,11,10,1,1
0x00A07982,数は多いがビビらずいくぞ！,숫자는 많지만 겁먹지 말고 가자!,27,26,1,1
0x00A07D8E,動けなくなるだけだが、,"움직일 수 없게 될 뿐이지만,",23,22,1,1
0x00A08B55,レッドスターは落とさせん！,레드스타는 떨어뜨리지 않겠다!,27,26,1,1
0x00A090DE,そう考えた方が分かりやすいわ。,그렇게 생각하는 편이 이해하기 쉬워.,31,30,1,1
0x00A098E5,浅瀬と港だけなのよ。,얕은 여울과 항구뿐이야.,21,20,1,1
0x00A0A264,敵に工場がある以上、,"적에게 공장이 있는 이상,",21,20,1,1
0x00A0A3D4,期待にそえる様がんばります！,기대에 부응하도록 힘내겠습니다!,29,28,1,1
0x00A0A8F4,あとは、,"나머지는,",9,8,1,1
0x00A0AD5F,中立都市を占領するの。,중립 도시를 점령하는 거야.,23,22,1,1
0x00A0B6AA,まだ今は、,"아직 지금은,",11,10,1,1
0x00A0BE89,マックスが味方でよかった！,맥스가 우리 편이라서 다행이야!,27,26,1,1
0x00A0BEAF,私もそう思うわ。,나도 그렇게 생각해.,17,16,1,1
0x00A0C750,隣に移動されない限り、,"옆으로 이동해 오지 않는 한,",23,22,1,1
0x00A0C8DF,敵全滅か研究所の占領で勝利よ！,적 전멸이나 연구소 점령으로 승리야!,31,30,1,1
0x00A0CDDC,新兵器の設計図は消去できます！,신병기 설계도는 삭제할 수 있습니다!,31,30,1,1
0x00A0D180,ほしいところよね。,했으면 하는 부분이야.,19,18,1,1
0x00A0D237,歩兵を山に登らせたり、,"보병을 산에 오르게 하거나,",23,22,1,1
0x00A0D24E,偵察車を前線に出して、,"정찰차를 전선에 내보내서,",23,22,1,1
0x00A0E243,正面から力押しで戦うならマックスが、,"정면에서 힘으로 밀어붙여 싸운다면 맥스가,",37,36,1,1
0x00A0EE59,下の都市で回復したりするのも大事ね。,아래 도시에서 회복하거나 하는 것도 중요해.,37,36,1,1
0x00A0F920,ケガするだけだぜ。,다치기만 할 뿐이라고.,19,18,1,1
0x00A10026,その後ろの戦車隊は、,"그 뒤에 있는 전차 부대는,",21,20,1,1
0x00A10214,私の話を聞いて。,제 말을 들어주세요.,17,16,1,1
0x00A108D0,だまらせていきます！,입을 다물게 하겠습니다!,21,20,1,1
0x00A109E2,まず取りたいのは・・・,먼저 차지하고 싶은 곳은...,23,22,1,1
0x00A11684,部隊を集結させているようです。,부대를 집결시키고 있는 것 같습니다.,31,30,1,1
0x00A11A9E,後はよろしく！,나머지는 부탁해!,15,14,1,1
0x00A11E4E,われながらすばらしい作戦です。,우리 작전이지만 훌륭한 작전입니다.,31,30,1,1
0x00A1225D,やつらに設計図をわたすな！,놈들에게 설계도를 넘기지 마라!,27,26,1,1
0x00A1243E,研究所を爆破だ！,연구소를 폭파해라!,17,16,1,1
0x00A124AE,ここは見送りましょう。,여기는 그냥 보내도록 하죠.,23,22,1,1
0x00A12C20,攻撃だけじゃないの。,공격만이 전부는 아니야.,21,20,1,1
0x00A12C8E,兵器を生産していたのね。,병기를 생산하고 있었던 거야.,25,24,1,1
0x00A1369C,へるわ、,"줄어들어,",9,8,1,1
0x00A13C75,見えてきましたよ。,보이기 시작했습니다.,19,18,1,1
0x00A13FA3,気にくわん話じゃな。,마음에 안 드는 이야기로군.,23,22,1,1
0x00A140D2,こっちには広場があってな。,이쪽에는 광장이 있어서 말이야.,27,26,1,1
0x00A141CA,きさまらを決して許さんぞ！,네놈들을 결코 용서하지 않겠다!,27,26,1,1
0x00A14400,いたい目にあうんで、,"따끔한 맛을 보게 될 테니,",21,20,1,1
0x00A1459B,さっさと目をさまさんか！,어서 정신 차리지 못하겠느냐!,25,24,1,1
0x00A1479C,そのとおりですよ、,"바로 그 말씀이십니다,",19,18,1,1
0x00A14806,お話があって来ました。,드릴 말씀이 있어 왔습니다.,23,22,1,1
0x00A14980,町を通りましたが・・・,마을을 지나왔습니다만...,23,22,1,1
0x00A14A78,国だの領地だのは、,"나라니 영토니 하는 건,",19,18,1,1
0x00A14B60,町を滅ぼした、,"마을을 멸망시킨,",15,14,1,1
0x00A14CE2,歩兵かバズーカ兵が着けば、,"보병이나 바주카병이 도착하면,",27,26,1,1
0x00A14F8B,そこへ直れ。,거기 똑바로 서.,13,12,1,1
0x00A15862,と言っておりますが。,라고 말하고 있습니다만.,21,20,1,1
0x00A15C5A,お２人のためにも、,"두 사람을 위해서라도,",19,18,1,1
0x00A15F8D,困った人だぜ。,곤란한 사람이군.,15,14,1,1
0x00A1632C,送っているらしい。,보내고 있는 모양이다.,19,18,1,1
0x00A16A3D,今後の戦略を練る。,앞으로의 전략을 짠다.,19,18,1,1
0x00A17212,わが軍の勝ちが見えてくる！,아군의 승리가 보이기 시작한다!,27,26,1,1
0x00A17A1D,どうした、,"무슨 일이야,",11,10,1,1
0x00A17AAC,とはいえ、,"그렇다 해도,",11,10,1,1
0x00A18658,上官を何だとおもっとる！,상관을 뭐라고 생각하는 거야!,25,24,1,1
0x00A1887E,いつでも出撃できます！,언제든 출격할 수 있습니다!,23,22,1,1
0x00A18A34,森での戦いね・・・,숲에서의 싸움이네...,19,18,1,1
0x00A18A48,ウデがなるわ！,솜씨가 근질거려!,15,14,1,1
0x00A190AF,この戦いはまだ続く。,이 싸움은 아직 계속된다.,21,20,1,1
0x00A19251,もう安心ね！,이제 안심이네!,13,12,1,1
0x00A194EC,よそからの友軍には、,"외부에서 온 우군에게는,",21,20,1,1
0x00A19774,反攻に出るのね？,반격에 나서는 거지?,17,16,1,1
0x00A199A0,とは思うけど。,라고 생각하지만.,15,14,1,1
0x00A19D9C,そうです。,그렇습니다.,11,10,1,1
0x00A19DF9,苦しむのを、,"괴로워하는 걸,",13,12,1,1
0x00A19FA7,要塞の処理が先だ。,요새부터 처리해야 해.,19,18,1,1
0x00A1A0D9,誰にも負けないさ。,누구에게도 지지 않아.,19,18,1,1
0x00A1A1E4,地上への攻撃力はガタ落ちです。,지상으로의 공격력은 뚝 떨어집니다.,31,30,1,1
0x00A1A20F,ムダぐちはいい。,쓸데없는 말은 됐다.,17,16,1,1
0x00A1A2C8,集まっているようです。,집결하고 있는 것 같습니다.,23,22,1,1
0x00A1A32F,完全に敵を包囲しています。,완전히 적을 포위하고 있습니다.,27,26,1,1
0x00A1A3AA,何がおこるかわからぬ。,무슨 일이 일어날지 모른다.,23,22,1,1
0x00A1A3DB,兵たちに伝えよ。,병사들에게 전하라.,17,16,1,1
0x00A1A84C,無事のようです。,무사한 것 같습니다.,17,16,1,1
0x00A1A90F,そうはいくものか。,그렇게는 안 될 것이다.,19,18,1,1
0x00A1AD6C,力を落とされるな、,"기운을 잃지 마십시오,",19,18,1,1
0x00A1AFFC,修理にかかる日数です。,수리에 걸리는 일수입니다.,23,22,1,1
0x00A1B43C,兵を部隊にもどす・・・,병력을 부대로 되돌린다...,23,22,1,1
0x00A1B7AC,退くのですか？,물러나는 겁니까?,15,14,1,1
0x00A1BA93,く0x00A1BC23,よろしいのですか？,17,16,1,1
0x00A1C1F6,彼女はどうした？,그녀는 어떻게 됐지?,17,16,1,1
0x00A1C344,今いる部隊だけでも戦闘準備をさせろ。,지금 있는 부대만이라도 전투 준비를 시켜라.,37,36,1,1
0x00A1C5D4,失敗は誰にでもある。,실패는 누구에게나 있어.,21,20,1,1
0x00A1CB78,海が圧倒的に不利だけど・・・,바다가 압도적으로 불리하지만...,29,28,1,1
0x00A1D31B,危ない気がする。,위험한 느낌이 든다.,17,16,1,1
0x00A1D3D8,それがどうした。,그게 어쨌다는 거냐.,17,16,1,1
0x00A1D57C,どうする？,어떻게 할래?,11,10,1,1
0x00A1D641,私が一番得意だから。,내가 가장 자신 있으니까.,21,20,1,1
0x00A1D884,この悪条件の中、,"이런 악조건 속에서,",17,16,1,1
0x00A1DB19,この様よ。,이런 식이야.,11,10,1,1
0x00A1DC16,失った兵たちにすまないと思うなら、,"잃은 병사들에게 미안하다고 생각한다면,",35,34,1,1
0x00A1DDA8,そこで開発していたって事？,거기서 개발하고 있었다는 거야?,27,26,1,1
0x00A1E063,うまく戦えそうだ。,잘 싸울 수 있을 것 같아.,19,18,1,1
0x00A1E71E,他の３人のみならず、,"다른 세 사람뿐만 아니라,",21,20,1,1
0x00A1EB57,敵の好きにはさせんぞ！,적 마음대로는 못 하게 한다!,23,22,1,1
0x00A1F11B,礼を言わせてもらう。,고맙다고 말하게 해다오.,21,20,1,1
0x00A1F4B5,どうするかがカギね。,어떻게 할지가 관건이네.,21,20,1,1
0x00A1F58C,大小のキャノンね。,크고 작은 캐논이군요.,19,18,1,1
0x00A1F688,さすがね、,"역시 대단해,",11,10,1,1
0x00A1F9FD,そして先生は空戦・・・,그리고 선생님은 공중전...,23,22,1,1
0x00A1FBCE,好みではないが、,"내 취향은 아니지만,",17,16,1,1
0x00A1FDD9,敵より先に着けば、,"적보다 먼저 도착하면,",19,18,1,1
0x00A1FE79,力負けだと？,힘에 밀렸다고?,13,12,1,1
0x00A1FF99,勝ちどきをあげよ！,승전의 함성을 올려라!,19,18,1,1
0x00A2006E,橋を塞いで、,"다리를 막아서,",13,12,1,1
0x00A203C7,ころんだだけでしょ。,그냥 넘어진 것뿐이잖아.,21,20,1,1
0x00A20580,わが国の領土に、,"우리나라의 영토에,",17,16,1,1
0x00A20B09,キクチヨ様に届けておきます！,키쿠치요 님께 전해 드리겠습니다!,29,28,1,1
0x00A210DD,戦闘準備に入るのです！,전투 준비에 들어가십시오!,23,22,1,1
0x00A211BC,年よりも、,"나이보다도,",11,10,1,1
0x00A212CC,滅ぼすだけです。,멸망시킬 뿐입니다.,17,16,1,1
0x00A21309,やらざるをえんか。,어쩔 수 없이 해야겠군.,19,18,1,1
0x00A215B6,先生の勝ちよ！,선생님의 승리야!,15,14,1,1
0x00A216A2,今日は日が悪い。,오늘은 운이 나쁘군.,17,16,1,1
0x00A2177F,そんな話になったのやら。,어쩌다 그런 이야기가 된 거지?,25,24,1,1
0x00A21B7A,どう使う？,어떻게 쓸래?,11,10,1,1
0x00A21BCC,敵国の町を攻撃するのです。,적국의 도시를 공격하는 겁니다.,27,26,1,1
0x00A21C98,言われた通りに配置した。,말씀하신 대로 배치했습니다.,25,24,1,1
0x00A21D3B,早く町を占領されても困る。,도시를 빨리 점령당해도 곤란해.,27,26,1,1
0x00A21E2E,放ってはおけぬ。,내버려 둘 수는 없다.,17,16,1,1
0x00A222B8,しょせんは兵器です。,어차피 병기일 뿐입니다.,21,20,1,1
0x00A229CC,しかしの、,"하지만 말야,",11,10,1,1
0x00A22E0E,そう思わない？,그렇게 생각 안 해?,15,14,1,1
0x00A230A4,あんただって、,"너도 마찬가지야,",15,14,1,1
0x00A231C0,なにもちがわない。,아무것도 다르지 않아.,19,18,1,1
0x00A2346B,次こそは勝ってみせる！,다음번엔 반드시 이기겠어!,23,22,1,1
0x00A235AB,キクチヨよ？,키쿠치요라고?,13,12,1,1
0x00A2361D,この話を受けるつもりだ。,이 제안을 받아들일 생각이다.,25,24,1,1
0x00A23699,外れる行いじゃ。,어긋나는 행동이오.,17,16,1,1
0x00A239C3,そこで指をくわえて見てなさい。,거기서 손가락이나 빨면서 보고 있어.,31,30,1,1
0x00A23A2B,汚いとは心外な。,비겁하다니 의외군.,17,16,1,1
0x00A23F84,そう言ってくれるキクチヨ達のためにも、,"그렇게 말해 주는 키쿠치요 일행을 위해서라도,",39,38,1,1
0x00A24080,押さえることも可能。,막아내는 것도 가능하다.,21,20,1,1
0x00A24750,レッドスターに戻ります。,레드스타로 돌아가겠습니다.,25,24,1,1
0x00A24B32,私の名を呼びすてに・・・,내 이름을 함부로 부르다니...,25,24,1,1
0x00A24B88,なにをしていた？,무엇을 하고 있었나?,17,16,1,1
0x00A24BD6,こんな小国など、,"이런 작은 나라 따위,",17,16,1,1
0x00A24CE1,敵を追い出せるわ。,적을 몰아낼 수 있어요.,19,18,1,1
0x00A25483,彼によって敗北寸前だとか。,그 때문에 패배 직전이라고 한다.,27,26,1,1
0x00A256BD,力をかしますぞ！,힘을 빌려드리지요!,17,16,1,1
0x00A257E9,平和がもどるのね。,평화가 돌아오는군요.,19,18,1,1
0x00A2580D,のんびりできるのう。,느긋하게 지낼 수 있겠군.,21,20,1,1
0x00A25A96,このスネークにお任せを。,이 스네이크에게 맡기십시오.,25,24,1,1
0x00A25EF4,時がたてば、,"시간이 지나면,",13,12,1,1
0x00A2601C,さすがです！,역시 대단해요!,13,12,1,1
0x00A26047,ここでは間接攻撃が有効ね。,여기선 간접 공격이 효과적이야.,27,26,1,1
0x00A26340,とらえた敵兵の話です。,사로잡은 적병의 말입니다.,23,22,1,1
0x00A2669F,特に反対はないようだな。,특별히 반대는 없는 모양이군.,25,24,1,1
0x00A26B3D,なぜわがはいに聞かぬ！,왜 나에게 묻지 않는 것이오!,23,22,1,1
0x00A26B65,両がわを守る軍は、,"양쪽을 지키는 군대는,",19,18,1,1
0x00A26BEC,人の話を聞かんか！,남의 말을 안 듣는 거냐!,19,18,1,1
0x00A26F6C,いよいよね・・・,드디어 때가 됐군...,17,16,1,1
0x00A27009,動き回っていたわけか。,이리저리 돌아다녔던 건가.,23,22,1,1
0x00A2717B,話は終わりだ。,이야기는 끝이다.,15,14,1,1
0x00A2738A,えじきとなれ。,먹잇감이 되어라.,15,14,1,1
0x00A275E0,これが最後ね。,이게 마지막이네.,15,14,1,1
0x00A27B80,私がどこまで力を持てるのか、,"내가 어디까지 힘을 가질 수 있을지,",29,28,1,1
0x00A27CB8,動いたまでだ。,움직였을 뿐이다.,15,14,1,1
0x00A282F3,トライアルとか、,"트라이얼이라든가,",17,16,1,1
0x00A28336,久しいの。,오랜만이군.,11,10,1,1
0x00A28B0C,老兵はしなず。,노병은 죽지 않아.,15,14,1,1
0x00A28B64,われらは最強。誰が相手でも,우리는 최강이다. 상대가 누구든,27,26,1,1
0x00A29D38,港をもつ都市。,항구를 가진 도시.,15,14,1,1
0x00A29E45,回復　補給ができる。,회복·보급이 가능하다.,21,20,1,1
0x00A29F04,ミサイル基地。歩兵系なら,미사일 기지. 보병 계열이라면,25,24,1,1
0x00A2A563,特に弱点もなく、色々な,"특별한 약점도 없고, 다양한",23,22,1,1
0x00A2A5D4,攻撃力が上がり、,"공격력이 올라가며,",17,16,1,1
0x00A2A6E9,攻撃力が上がり、,"공격력이 올라가고,",17,16,1,1
0x00A2A7EB,移動力が下がらないが、,"이동력이 떨어지지 않지만,",23,22,1,1
0x00A2A802,雨の日に移動力が下がる。,비 오는 날 이동력이 떨어진다.,25,24,1,1
0x00A2A940,特殊部隊の隊長で、指揮官の,"특수부대의 대장으로, 지휘관의",27,26,1,1
0x00A2AA21,攻撃力が上がる。,공격력이 올라간다.,17,16,1,1
0x00A2AA77,１回で拠点を占領できる。,한 번에 거점을 점령할 수 있다.,25,24,1,1
0x00A2ADD7,反撃時だけは少し強い。,반격할 때만은 조금 강하다.,23,22,1,1
0x00A2AF5A,より燃料がへりにくく、,"연료가 더 잘 줄어들지 않고,",23,22,1,1
0x00A2B0D9,１増え、守備力も少し高い。,"1 증가하고, 방어력도 조금 높다.",27,26,1,1
0x00A2B233,全てなぞにつつまれている。,모든 것이 수수께끼에 싸여 있다.,27,26,1,1
0x00A2B2D5,無視して移動できるが、,"무시하고 이동할 수 있지만,",23,22,1,1
0x00A2B5F5,キライ・思い通りにならない,싫어하는 것: 뜻대로 되지 않는 것,27,26,1,1
0x00A2B629,得意で、地形効果を,"특기이며, 지형 효과를",19,18,1,1
0x00A2B85C,自らの目的のためなら、,"자신의 목적을 위해서라면,",23,22,1,1
0x00A2BD05,今の地位を勝ち取った。,지금의 지위를 손에 넣었다.,23,22,1,1
0x00A2BD44,車両系の攻撃力が高く、,"차량 계열의 공격력이 높고,",23,22,1,1
0x00A2BD80,車両系の攻撃力が上がり、,"차량계의 공격력이 올라가고,",25,24,1,1
0x00A2BE81,キクチヨの先生。,키쿠치요의 선생님.,17,16,1,1
0x00A2D684,戦車隊を撃破せよ！,전차 부대를 격파하라!,19,18,1,1
0x00A2D6F0,青い月よ、永遠に,"푸른 달이여, 영원히",17,16,1,1
0x00A2D9D7,今日は何がいるんだい？,오늘은 뭐가 필요하신가요?,23,22,1,1
0x00A2E3A0,先生のブレイク、歩兵やバズーカ兵をただ,"선생님의 브레이크, 보병이나 바주카병을 그냥",39,38,1,1
0x00A2E80C,かもな！,그럴지도!,9,8,1,1
0x00A2FDF0,今日はみせじまいだな。,오늘은 이만 문 닫아야겠군.,23,22,1,1
0x00A2FF63,帰りに一杯やってくかい？,돌아가는 길에 한잔하고 갈까?,25,24,1,1
0x00A2FF89,何とか勝てました！,어떻게든 이겼습니다!,19,18,1,1
0x00A30696,これで頭ひやしな！,이걸로 머리 좀 식혀라!,19,18,1,1
0x00A30788,何がおころうと動じはしない！,무슨 일이 일어나도 흔들리지 않아!,29,28,1,1
0x00A307AC,敵ながらあっぱれな戦い！,적이지만 훌륭한 싸움이었다!,25,24,1,1
0x00A313FC,戦争は何も生み出さん・・・,전쟁은 아무것도 낳지 못한다...,27,26,1,1
0x00A31474,ができるが、攻撃力,"는 가능하지만, 공격력",19,18,1,1
0x00A31935,偵察用に使われる。,정찰용으로 사용된다.,19,18,1,1
0x00A31A65,あまり強くない。,그다지 강하지 않다.,17,16,1,1
0x00A324E8,平地では移動力が下がるため、,"평지에서는 이동력이 떨어지므로,",29,28,1,1
0x00A3326E,範囲をもっている。,사거리를 가지고 있다.,19,18,1,1
0x00A3371C,攻撃されなくなり、隣あわない,"공격받지 않게 되고, 인접하지 않는",29,28,1,1
0x00A338F8,タイヤのため、平地では,"타이어 때문에, 평지에서는",23,22,1,1
0x00A339CB,移動力の変化を受けない。,이동력의 변화를 받지 않는다.,25,24,1,1
0x00A33EB8,新型砲での、フネに,"신형 포의, 함선에 대한",19,18,1,1
0x00A34755,１７日以内に橋でかこまれた戦艦を倒すのよ！,17일 이내에 다리로 둘러싸인 전함을 쓰러뜨려야 해!,43,42,1,1
0x00A348F0,このマップは、３個のブラックキ0x00A349F8,ここは、ブラックキャノンを倒して勝利よ！,39,38,1,1
0x00B81F70,大空を制せよ！,창공을 제패하라!,15,14,1,1
0x00D75917,？？！゛゛雨カ粉振,??!゛゛비 카 가루 진동,19,18,1,1
0x00D82058,作り方は「ヘルプ」に書いてあります。,만드는 방법은 「도움말」에 적혀 있습니다.,37,36,1,1
0x00D822C4,上書きしますか？,덮어쓰시겠습니까?,17,16,1,1
0x00D8F92C,が敵に一番近づくには　ここかここね。,가 적에게 가장 가까워지려면 여기나 여기야.,37,36,1,1
0x00D8F9FF,」をするの。,」를 하는 거야.,13,12,1,1
0x00D9000C,有利だからなの！,유리하기 때문이야!,17,16,1,1
0x00D904A7,しまうの。,버리는 거야.,11,10,1,1
0x00D91DA1,なんかおそれずに、,"따위 두려워하지 말고,",19,18,1,1
0x00D91DC4,するの。,하는 거야.,9,8,1,1
0x00D92366,うっかり動かさないでね。,실수로 움직이지 않게 조심해.,25,24,1,1
0x00D92745,部隊をおいていたはず。,부대를 배치해 두었을 거야.,23,22,1,1
0x00D931B8,部隊は強敵よ。,부대는 강적이야.,15,14,1,1
0x00D93E3A,できる範囲よ。,할 수 있는 범위야.,15,14,1,1
0x00D93FE3,通れなくするしかないわよね。,지나가지 못하게 할 수밖에 없겠지.,29,28,1,1
0x00D940C7,ここに移動してね。,여기로 이동해 주세요.,19,18,1,1
0x00D94198,戦い方なのよ！,싸우는 방식이야!,15,14,1,1
0x00D94E7D,しかないの。,할 수밖에 없어.,13,12,1,1
0x00D95601,を送りたいところね。,을 보내고 싶은 상황이네.,21,20,1,1
0x00D958E9,味方も同じなの。,아군도 마찬가지야.,17,16,1,1
0x00D95E5F,」を選ぶのよ。,」를 고르는 거야.,15,14,1,1
0x00D9617E,を橋の前の都市においておくの。,을(를) 다리 앞 도시에 놓아 두는 거야.,31,30,1,1
0x00D96203,言い忘れてたわ。,말하는 걸 깜빡했어.,17,16,1,1
0x00D96782,話をもどすわよ。,이야기를 되돌릴게.,17,16,1,1
0x00D97284,をためしたいの。,을 시험해 보고 싶어.,17,16,1,1
0x00D974FD,できるかは、,"할 수 있는지는,",13,12,1,1
0x00D97D6F,ゆけい　わが部下よ！,나아가라 내 부하들이여!,21,20,1,1
0x00D98C86,燃料切れなの。,연료가 떨어졌어.,15,14,1,1
0x00D99714,はこのように　たとえ,"상자는 이렇게, 예를 들어",21,20,1,1
0x00D99E5A,さすがね！,역시 대단해!,11,10,1,1
0x00D9A469,今の部隊だけで　何とかするのだ！,지금 부대만으로 어떻게든 해내는 거다!,33,32,1,1
0x00D9B27C,を選ぶのよ！,을 고르는 거야!,13,12,1,1
0x00D9B95B,できるだけだったら、今までの,"할 수 있는 것뿐이라면, 지금까지의",29,28,1,1
0x00D9BC44,浅瀬のみなの。,얕은 여울뿐이야.,15,14,1,1
0x00D9BDA0,をためしたいの。,를 시험해 보고 싶어.,17,16,1,1
0x00D9C4B2,今回は海戦か・・・,이번에는 해전인가...,19,18,1,1
0x00D9C550,勝負はごかく。,승부는 막상막하.,15,14,1,1
0x00D9D27E,雨が降ってきたわ！,비가 내리기 시작했어!,19,18,1,1
0x00D9D9CC,話を進めるわよ。,이야기를 진행할게.,17,16,1,1
0x00D9E1B9,「森」や「岩礁」についてよ。,「숲」이나 「암초」에 대해서야.,29,28,1,1
0x00D9EB86,ここに移動させたい！,여기로 이동시키고 싶어!,21,20,1,1
0x00D9F5FE,拠点だったら収入。,거점이라면 수입이야.,19,18,1,1
0x00D9F642,どのくらいの移動コストで移動できるか　ね。,어느 정도의 이동 코스트로 이동할 수 있는지 말이야.,43,42,1,1
0x00D9F927,できるのよ！,할 수 있는 거야!,13,12,1,1
0x00D9FF54,の説明を聞きたいの？,에 대한 설명을 듣고 싶어?,21,20,1,1
0x00DA025E,だけれどね。,이지만 말이야.,13,12,1,1
0x00DA02B6,工場での「生産」ね。,공장에서의 '생산'이야.,21,20,1,1
0x00DA0AA3,基本となる部分をおしえる授業よ。,기본이 되는 부분을 가르치는 수업이야.,33,32,1,1
0x00DA0E17,できたわ。,할 수 있었어.,11,10,1,1
0x00DA0EDB,次は、ここで,"다음은, 여기서",13,12,1,1
0x00DA111F,行動になるの。,행동이 되는 거야.,15,14,1,1
0x00DA1995,をつかむのよ。,를 파악하는 거야.,15,14,1,1
0x00DA265B,これで敵にダメージを与えること0x00DA2959,じゃ、この調子で全部やっつけちゃいましょう！,43,42,1,1
0x00DA26C0,同士ではこんなものよ。,같은 유닛끼리는 이 정도야.,23,22,1,1
0x00DA2867,だから、ここに,"그러니까, 여기에",15,14,1,1
0x00DA2909,数が多いほうが勝つの。,수가 많은 쪽이 이기는 거야.,23,22,1,1
0x00DA389C,攻撃力は、ユニットが今何体かによっても増減,공격력은 유닛이 현재 몇 기인지에 따라서도 증감해.,43,42,1,1
0x00DA3EB2,空系ユニットは入れるって？,공중계 유닛은 들어갈 수 있다고?,27,26,1,1
0x00DC3A0B,何で知ってるんだ？,어떻게 알고 있는 거지?,19,18,1,1
0x00DC3F54,忘れたとはいわさんぞ！,잊었다고는 못 하게 하겠다!,23,22,1,1
0x00DC4B3A,首都をねらってくる,수도를 노리고 올 거야.,19,18,1,1
0x00DC4D46,そうか！,그렇구나!,9,8,1,1
0x00DC7133,うけることはないわ！,당하고만 있을 수는 없어!,21,20,1,1
0x00DC82E1,という話よ。,라는 이야기야.,13,12,1,1
0x00DC8751,守りつつ　戦うの。,지키면서 싸우는 거야.,19,18,1,1
0x00DC9998,シレイね。,사령관이네.,11,10,1,1
0x00DCA81D,したと思ってるの！,했다고 생각하는 거야!,19,18,1,1
0x00DCB9E7,進めば　より安全ね！,전진하면 더 안전하겠네!,21,20,1,1
0x00DCBB1D,ごかいしてないか？,오해하고 있는 거 아냐?,19,18,1,1
0x00DCDCE4,なってしまうから。,그렇게 되고 말 테니까.,19,18,1,1
0x00DCF19B,安全とはいえないわね。,안전하다고는 할 수 없겠네.,23,22,1,1
0x00DCF2C7,今までうたがっていて。,지금까지 의심하고 있었어.,23,22,1,1
0x00DCFE92,敵もへってくるわ。,적도 점점 줄어들 거야.,19,18,1,1
0x00DD03A7,シレイとやら！,사령관이라는 자!,15,14,1,1
0x00DD0528,気になることもあったしね。,마음에 걸리는 일도 있었으니까.,27,26,1,1
0x00DD0C29,わ・・・われは負けぬ！,으・・・나는 지지 않는다!,23,22,1,1
0x00DD1D5C,今度は負けんぞ！,이번엔 지지 않는다!,17,16,1,1
0x00DE9D8E,１マップ目です。,첫 번째 지도입니다.,17,16,1,1
0x00DE9F4A,２マップ目です。,두 번째 지도입니다.,17,16,1,1
0x00DEA136,３マップ目です。,세 번째 지도입니다.,17,16,1,1
0x00DEA376,４マップ目です。,네 번째 지도입니다.,17,16,1,1
0x00DECDC8,移動するごとにへり、なくなる,"이동할 때마다 줄어들고, 없어진다",29,28,1,1
0x00DED1E1,そこそこ使える。,그럭저럭 쓸 만하다.,17,16,1,1
0x00DED378,強い中に入る。,강한 편에 속한다.,15,14,1,1
0x00DEDD01,船系に対する攻撃力。,선박 계열에 대한 공격력.,21,20,1,1
0x00DEE357,移動力がかわらない。,이동력이 변하지 않는다.,21,20,1,1
0x00DEEC7F,しとめられる。,쓰러뜨릴 수 있다.,15,14,1,1
0x00DEF0B2,船タイプの移動ができる。,함선 타입의 이동을 할 수 있다.,25,24,1,1
0x00DEF139,浅瀬を移動できること。,얕은 여울을 이동할 수 있음.,23,22,1,1
0x00DF217E,首都占領か敵全滅で勝利よ。,수도 점령이나 적 전멸로 승리야.,27,26,1,1
0x00DF24A3,守りぬいたら勝利よ！,끝까지 지켜내면 승리야!,21,20,1,1
0x00DF26FE,首都占領か、敵全滅で勝つことができるわ！,수도를 점령하거나 적을 전멸시키면 이길 수 있어!,41,40,1,1
0x00DF3287,雨に弱く、雪に強い,"비에 약하고, 눈에 강하다",21,20,1,1
0x00DF3961,あいてに見せない。,상대에게 보이지 않는다.,21,20,1,1
0x00DF3A47,父に似ないで、大天才。,아버지를 닮지 않은 대천재.,23,22,1,1
0x00DF3AAD,勝つのよ。,이기는 거야.,11,10,1,1
0x00DF4312,雪に強く　雨に弱い。,눈에 강하고 비에 약하다.,21,20,1,1
0x00DF43FA,あいてに情報を与えない。,상대에게 정보를 주지 않는다.,25,24,1,1
0x00DF443B,なぜか運が悪い。,어쩐지 운이 나쁘다.,17,16,1,1
0x00DF448F,攻撃力は弱い。,공격력은 약하다.,15,14,1,1
0x00DF5827,されると敗北。,점령당하면 패배.,15,14,1,1
0x00DF5A15,補充　補給ができる。,보충과 보급을 할 수 있다.,21,20,1,1
0x00DF5D81,のしかたの説明よ。,하는 방법의 설명이야.,19,18,1,1
0x00DF6A47,後でとてもやっかいだわ。,나중에 아주 골치 아파질 거야.,25,24,1,1
0x00DF91D0,ふくめて、ね。,포함해서 말이야.,15,14,1,1
0x00DFA95B,あそぶモードよ。,플레이하는 모드야.,17,16,1,1
0x00DFAF03,で使えるお金なの！,에서 쓸 수 있는 돈이야!,19,18,1,1
0x00DFB8B4,わかるかもな！,알지도 모르겠네!,15,14,1,1
0x00DFC66E,やつぁ射撃の天才だ！,저 녀석은 사격의 천재다!,21,20,1,1
0x00DFCED8,今日の話はここまでだ！,오늘 이야기는 여기까지다!,23,22,1,1
0x00DFCF77,やとえるぞ！,고용할 수 있어!,13,12,1,1
0x00DFD53B,今日はミセじまいだな。,오늘은 가게 문 닫아야겠군.,23,22,1,1
0x00DFF175,こんどはそうはいかんぞ。,이번엔 그렇게는 안 될 것이다.,25,24,1,1
0x00E011B2,おとろえたな。,실력이 녹슬었군.,15,14,1,1
0x00E037ED,３人はしんゆうだった。,세 사람은 절친한 친구였다.,23,22,1,1
0x00E07CC7,調子がくるう・・・,페이스가 흐트러져...,19,18,1,1
0x00E09529,ついてこない？,따라오지 않을래?,15,14,1,1
0x00E0B846,・・・いいのか？,・・・괜찮은 거야?,17,16,1,1
0x00E0F63E,ついに　おいつめたわ。,드디어 궁지에 몰아넣었어.,23,22,1,1
0x0080595C,０１２３４５６７８９／平地山川森道路都市海港橋浅瀬首空工場岩礁防御収入回復一,0123456789/평지 산 강 숲 도로 도시 바다 항구 다리 얕은 여울 수도 공항 공장 암초 방어 수입 회복 1,78,76,2,1
0x00A01BD8,そのためには,그러기 위해서는,14,12,2,1
0x00A01E68,海をはさんでにらみあう両軍,바다를 사이에 두고 대치하는 양군,28,26,2,1
0x00A02F23,して運んだり,해서 운반하거나,14,12,2,1
0x00A0504E,いつも今いる場所から、ね。,"항상 지금 있는 위치에서, 알겠지.",28,26,2,1
0x00A06440,地形に関係なく移動できて,지형에 상관없이 이동할 수 있고,26,24,2,1
0x00A0955B,同じ潜水艦や護衛艦にだけは,같은 잠수함이나 호위함에게만은,28,26,2,1
0x00A09C8A,敵の意表をつく戦略なら,적의 의표를 찌르는 전략이면,24,22,2,1
0x00A0D097,今日は基地に帰って,오늘은 기지로 돌아가서,20,18,2,1
0x00A0FAFB,忘れないでよね？,"잊지 말아줘, 알겠지?",18,16,2,1
0x00A113C7,次にあったら許さないぞ！！,다음에 만나면 용서하지 않겠다!!,28,26,2,1
0x00A118A0,敵は間接部隊を中心に配置して,적은 간접 부대를 중심으로 배치해서,30,28,2,1
0x00A11F78,あれね・・・,저거구나···,14,12,2,1
0x00A12043,今部隊は再編成中だし・・・,지금 부대는 재편성 중이고・・・,28,26,2,1
0x00A1205E,この前少し戦闘があって,얼마 전에 전투가 조금 있어서,24,22,2,1
0x00A120F8,いいってドミノ！,"괜찮다니까, 도미노!",18,16,2,1
0x00A124D6,少し残念そうだったな・・・,조금 아쉬워하는 것 같았어・・・,28,26,2,1
0x00A1257F,いつもの元気は！？,늘 그 활기는 어디 갔어!?,20,18,2,1
0x00A12664,歩兵系を山にのぼらせたり,보병 계열을 산에 오르게 하거나,26,24,2,1
0x00A13DBE,いろいろ試してたら,이것저것 시험하다 보니,20,18,2,1
0x00A1506D,かざりじゃねえんでな,장식으로 달린 게 아니거든,22,20,2,1
0x00A17A31,貴様の間接攻撃なら勝てるはずでは,네놈의 간접 공격이라면 이길 수 있을 텐데,34,32,2,1
0x00A18139,敵本部に攻めこむのも,적 본부에 쳐들어가는 것도,22,20,2,1
0x00A18EBE,なれてねえ,익숙하지 않아,12,10,2,1
0x00A19C7F,要塞の完成を許せば,요새가 완성되도록 두면,20,18,2,1
0x00A1A557,兵だけでも,병사만이라도,12,10,2,1
0x00A1B81C,勝って退く・・・か。,이기고 물러난다...인가.,22,20,2,1
0x00A1CB1B,今、ぼくしか動けないことを,지금은 나밖에 움직일 수 없다는 걸,28,26,2,1
0x00A1E078,新型戦車が使えれば,신형 전차를 쓸 수 있다면,20,18,2,1
0x00A1E96E,兵は出せないけど,병력은 보낼 수 없지만,18,16,2,1
0x00A1F805,各地で正体不明の部隊が,각지에서 정체불명의 부대가,24,22,2,1
0x00A21630,この国で,이 나라에서,10,8,2,1
0x00A2165F,誰もが恐れた,누구나 두려워한,14,12,2,1
0x00A21A56,まずまん中の,우선 한가운데의,14,12,2,1
0x00A22533,少しでも,조금이라도,10,8,2,1
0x00A23559,わしらに有利な形で,우리에게 유리한 형태로,20,18,2,1
0x00A2531F,わが国も,우리나라도,10,8,2,1
0x00A25650,ぐずぐずしては,꾸물거리고 있어선,16,14,2,1
0x00A26C41,どうも補給手段を,아무래도 보급 수단을,18,16,2,1
0x00A28722,私も本国に戻って,나도 본국으로 돌아가,18,16,2,1
0x00A28CA8,作戦のねり直しが必要ね・・・,작전을 다시 짤 필요가 있겠어・・・,30,28,2,1
0x00A28D84,正面の小島で敵を,정면 작은 섬에서 적을,18,16,2,1
0x00A294E4,装備していません,장비하지 않았습니다,18,16,2,1
0x00A29F36,射程は無限で　着弾場所,사거리는 무한이며 착탄 지점,24,22,2,1
0x00A2A01D,攻撃力、射程とも強力な,공격력과 사거리 모두 강력한,24,22,2,1
0x00A2A390,スキ　・手のかかる生徒,좋아함・손이 많이 가는 학생,24,22,2,1
0x00A2A4ED,思った事はすぐ行動に,생각한 것은 바로 행동으로,22,20,2,1
0x00A2A8A3,雪を降らせ、移動しにくく,눈을 내리게 해 이동하기 힘들게,26,24,2,1
0x00A2AB90,間接攻撃の射程が,간접공격의 사거리가,18,16,2,1
0x00A2AE4B,さらに１増え、,"추가로 1 증가하며,",16,14,2,1
0x00A2AEC9,エースパ0x00A2B414,攻撃力は高いのだが、,20,18,2,1
0x00A2B078,よくなだめ0x00A2B0C4,海ユニットの移動力が,20,18,2,1
0x00A2B724,ナルシストな性格で,나르시시스트 성격이라,20,18,2,1
0x00A2BD1C,スキ　・タンポポ,좋아하는 것・민들레,18,16,2,1
0x00A2BD5B,歩兵系、空系、海系の,"보병계, 공중계, 해상계의",22,20,2,1
0x00A2BEDB,輸送系の移動力も１増える。,수송 계열의 이동력도 1 늘어난다.,28,26,2,1
0x00A3012B,私が強すぎたのだ,내가 너무 강했던 거다,18,16,2,1
0x00A315EC,副砲での、歩兵系以外0x00A3161A,いりょくは、きたいしない,24,22,2,1
0x00A316AD,でき、攻撃力も高い。,"가능하며, 공격력도 높다.",22,20,2,1
0x00A317CF,と移動で0x00A319DC,タイヤのため、平地では,22,20,2,1
0x00A31924,車0x00A3173C,バズーカ砲の弾数。,18,16,2,1
0x00A319DC,タイヤのため、平地では,타이어식이므로 평지에서는,24,22,2,1
0x00A31A50,歩兵系以外に対しては,보병 계열 이외를 상대로는,22,20,2,1
0x00A32D50,爆弾での、歩兵系に,폭탄으로 보병 계열에게,20,18,2,1
0x00A3343F,対する攻撃力。とても強い。,상대에 대한 공격력. 매우 강하다.,28,26,2,1
0x00A33739,かぎり、敵に発見されない。,"않는 한, 적에게 발견되지 않는다.",28,26,2,1
0x00A35258,友達とケーブルでつないで対戦できます,친구와 케이블로 연결해서 대전할 수 있습니다,38,36,2,1
0x00B848BC,テン0x00B84B44,ネコノラクエンのちず,20,18,2,1
0x00D672A0,宀＋「）ー？　楡,宀＋「）ー？　느릅나무,18,16,2,1
0x00D67CB7,宀＋「）ー？　沈,宀＋「）ー？　가라앉음,18,16,2,1
0x00D6C87C,鼓鼓鼓鼓鼓鼓鼓原,북북북북북북북벌판,18,16,2,1
0x00D8273C,はいえ▼,예 아니오 ▼,10,8,2,1
0x00D830D0,０１２３４５６７８９／平地山川森道路都市海港橋浅瀬首空工場岩礁防御収入回復一,0123456789/평지 산 강 숲 도로 도시 바다 항구 다리 얕은여울 본부 하늘 공장 암초 방어 수입 회복 1,78,76,2,1
0x00D9103F,・・・と思わない？,...라고 생각하지 않아?,20,18,2,1
0x00D92899,だから、占領とちゅう0x00D928C6,あなたの番の最初に行動させておくのがいいわ。,44,42,2,1
0x00D931CB,正面から戦うのは、あまりいい作戦とは,정면에서 싸우는 건 그다지 좋은 작전이라고는,38,36,2,1
0x00D958C1,できる範囲の見方,가능한 범위의 보는 법,18,16,2,1
0x00D96806,下の中立都市には,아래의 중립 도시에는,18,16,2,1
0x00D9AE4D,移動しないと,이동하지 않으면,14,12,2,1
0x00D9B233,だからここから動かないで,그러니까 여기서 움직이지 말고,26,24,2,1
0x00D9C166,できる地形は　浅瀬、港のみ。,"할 수 있는 지형은 얕은 여울, 항구뿐.",30,28,2,1
0x00D9DCAE,この地形・・・「0x00D9DD56,ちなみに、この地形「岩礁」も、「森」と同じく,44,42,2,1
0x00DA03C9,入りきっていないことにも注意してね0x00DA03F2,十字ボタンの下を押して、いちばん下まで,38,36,2,1
0x00DA0BFC,したい,하고 싶어,8,6,2,1
0x00DA105D,を出すには、動かせるユニッ,을 내보내려면 움직일 수 있는 유닛,28,26,2,1
0x00DA14AB,ここは練習だ0x00DA158C,を動かさないでね。,18,16,2,1
0x00DA2341,のしかたや簡単な戦略の,하는 방법이나 간단한 전략의,24,22,2,1
0x00DA28BB,だから,그러니까,8,6,2,1
0x00DA3D92,「橋」は「川」にかかってる事が多いの,「다리」는 「강」 위에 놓여 있는 경우가 많아,38,36,2,1
0x00DA3DC6,「川」は歩兵系以外の地上ユニットは入れないか,「강」은 보병 계열 이외의 지상 유닛은 들어갈 수 없거나,46,44,2,1
0x00DA4093,この授業は、戦いを進めていく上での簡単な,이번 수업은 전투를 진행해 나가는 데 필요한 간단한,42,40,2,1
0x00DC2ECA,全部隊を修理できるん0x00DC2EF3,受けてるユニットがいるときに使うべきね。,40,38,2,1
0x00DC4D17,ふつうは0x00DC4672,ホイップは　強いユニットがいるのをいいことに,42,40,2,1
0x00DC688A,何としても　やつらを,무슨 수를 써서라도 놈들을,22,20,2,1
0x00DC6CAA,さて・・・と。,그럼... 어디 보자.,16,14,2,1
0x00DC9DC5,シレイは、何もされなかった？,"지휘관은, 아무 일도 당하지 않았어?",30,28,2,1
0x00DCF148,で運ぶには海に,로 옮기려면 바다에,16,14,2,1
0x00DD0391,と、いうわけだ！,"그러니까, 그런 거다!",18,16,2,1
0x00DD099F,このわしが　命にかえても,이 늙은이가 목숨을 바쳐서라도,26,24,2,1
0x00DEDD7A,対陸、対空攻撃をこなす。,"대지, 대공 공격을 모두 해낸다.",26,24,2,1
0x00DF20BA,首都占領、敵全滅のどちらかで勝てるわ！,"수도 점령, 적 전멸 중 어느 쪽이든 승리할 수 있어!",40,38,2,1
0x00DF23F2,ここも、首都占領か敵全滅で勝てるわ！,"여기도, 수도 점령이나 적 전멸로 이길 수 있어!",38,36,2,1
0x00DF2D26,どんな状況でも戦える,어떤 상황에서도 싸울 수 있는,24,22,2,1
0x00DF2E02,メカのことなら,메카에 관한 일이라면,18,16,2,1
0x00DF3766,のんびり　ゆっくりが,느긋하게 천천히 하는 것을,22,20,2,1
0x00DF68F6,今までのうでだめしよ。さあ、ちゃんと,"지금까지의 실력을 시험하는 거야. 자, 제대로",38,36,2,1
0x00DF6EFA,を用意してると,를 준비하고 있다고,16,14,2,1
0x00DF783B,0x00DF8F83,おともだちとゲームボーイをつないであそぶ、,42,40,2,1
0x00DF8CCE,ナニヌネノ　ァィゥェォ,나니누네노 작은 아 이 우 에 오,24,22,2,1
0x00DF9FD4,ナニヌネノァィゥェォ,나니누네노아아이우에오,22,20,2,1
0x00DFA872,特別なつづきから,특별한 이어하기에서,18,16,2,1
0x00DFB8F3,もし、ウチで今売ってるマップを買いしめた,만약 우리 가게에서 지금 파는 지도을 전부 사들이면,42,40,2,1
0x00DFF15A,以前はさんざんやられたが,예전에는 아주 호되게 당했지만,26,24,2,1
0x00E00851,オレは、直接攻撃なら誰にも負けない自信を,나는 직접 공격이라면 누구에게도 지지 않을 자신이,42,40,2,1
0x00E02FFE,な、何をいうか！,"뭐, 뭐라고 하는 거냐!",18,16,2,1
0x00EC312E,指定日が終了した時に所有拠点数で決着をつけます,지정한 날짜가 끝났을 때 보유 거점 수로 승부를 결정합니다,48,46,2,1
0x00A01BA9,今度は拠点を作り、,"이번에는 거점을 세우고,",21,18,3,1
0x00A04028,うそね。,거짓말이야.,11,8,3,1
0x00A04107,最初からやり直せるわ。,처음부터 다시 시작할 수 있어.,25,22,3,1
0x00A0461D,２日で占領できるって事だ。,이틀이면 점령할 수 있다는 뜻이야.,29,26,3,1
0x00A04661,耐久力が元に戻っちまう。,내구력이 원래대로 돌아가 버려.,27,24,3,1
0x00A0471C,軽戦車隊を出せ。,경전차대를 내보내라.,19,16,3,1
0x00A07B35,爆撃機や戦闘機の使用許可が出ていません！,폭격기나 전투기의 사용 허가가 나오지 않았습니다!,43,40,3,1
0x00A07E03,１機でも多く倒してこい！,한 기라도 더 많이 쓰러뜨리고 와!,27,24,3,1
0x00A08CFD,初めまして！,처음 뵙겠습니다!,15,12,3,1
0x00A09362,陸と海に攻撃できる上、,"육지와 바다를 공격할 수 있고,",25,22,3,1
0x00A0ADD0,陸続きで砲台まで移動できるし、,"육지로 이어져 포대까지 이동할 수 있고,",33,30,3,1
0x00A0C722,これは敵にもいえる事ね。,이건 적에게도 해당되는 일이야.,27,24,3,1
0x00A0FCBD,敵研究所を攻撃する作戦を進めていました。,적 연구소를 공격하는 작전을 진행하고 있었습니다.,43,40,3,1
0x00A0FD7F,兵を出しますか？,병력을 출격시킬까요?,19,16,3,1
0x00A0FE1D,このまま作戦を続けます！,이대로 작전을 계속하겠습니다!,27,24,3,1
0x00A102DB,すりぬけて工場を押さえに行くのも手ね。,빠져나가서 공장을 점령하러 가는 것도 방법이네.,41,38,3,1
0x00A11488,命ごいか？,목숨 구걸이냐?,13,10,3,1
0x00A118DB,突撃したら敵の思うツボよ。,돌격하면 적의 의도대로 되는 거야.,29,26,3,1
0x00A123A6,ここでの勝利は大きいわ。,여기서의 승리는 큰 의미가 있어.,27,24,3,1
0x00A123C1,今日は基地に帰って祝杯ね！,오늘은 기지로 돌아가 축배를 들자!,29,26,3,1
0x00A12BDF,急に大声だして。,갑자기 큰 소리를 내고.,19,16,3,1
0x00A1302F,危なかったかもね。,위험했을지도 모르겠네.,21,18,3,1
0x00A133DC,一つの手よ。,한 가지 방법이야.,15,12,3,1
0x00A13977,あそび場なんだしさ。,어차피 놀이터니까 말이야.,23,20,3,1
0x00A13FF7,今度行ってみましょうや。,이번에는 한번 가 보도록 합시다.,27,24,3,1
0x00A1485C,加わりませんか？,함께하지 않겠습니까?,19,16,3,1
0x00A14A2E,かしこいと思いませんか？,영리하다고 생각하지 않습니까?,27,24,3,1
0x00A14B33,好きにしていい理由はねえ。,마음대로 해도 되는 이유는 아니야.,29,26,3,1
0x00A160E6,他国の力など、かりずとも、,"다른 나라의 힘 따위 빌리지 않아도,",29,26,3,1
0x00A18C04,好き勝手させぬぞ！,마음대로 못 하게 하겠다!,21,18,3,1
0x00A1AB3D,無事で何より。,무사하니 다행이야.,17,14,3,1
0x00A1B25D,今は何よりも時間が大事。,지금은 무엇보다 시간이 중요해.,27,24,3,1
0x00A1CF6C,まん中の工場を取りにいかなきゃ・・0x00A1D0C4,他のショーグンに援軍をもとめられますか？,39,36,3,1
0x00A1D04A,最後の最後でいい！,마지막 순간이라도 좋아!,21,18,3,1
0x00A1D3A3,溶岩がふきだしてる。,용암이 뿜어져 나오고 있어.,23,20,3,1
0x00A1D3EB,勝つためだ。,이기기 위해서야.,15,12,3,1
0x00A1D3F9,多少はやむをえん。,어느 정도는 어쩔 수 없다.,21,18,3,1
0x00A1D8AA,ハンナが礼を言っていたと,한나가 고맙다고 전해 달라더군.,27,24,3,1
0x00A1D9AD,次も失敗するなよ。,다음에도 실패하지 마라.,21,18,3,1
0x00A1DB6C,悪しゅみなまねはせん。,악취미 같은 짓은 하지 않는다.,25,22,3,1
0x00A1DF8B,ここに着くのだ？,여기에 도착하는 거야?,19,16,3,1
0x00A1E3DF,決まったも同然だな。,이미 결정된 거나 다름없군.,23,20,3,1
0x00A214FE,この私の相手を？,이 나를 상대하겠다고?,19,16,3,1
0x00A21C7E,歩兵部隊はどうしました？,보병 부대는 어떻게 되었습니까?,27,24,3,1
0x00A2214C,有利に戦えるわ。,유리하게 싸울 수 있어.,19,16,3,1
0x00A225A2,ショーグンらしき者を発見したとの報告が。,쇼군으로 보이는 자를 발견했다는 보고가 들어왔다.,43,40,3,1
0x00A23540,ゼロに近くなったらしい。,거의 제로에 가까워진 모양이야.,27,24,3,1
0x00A23DE8,今さら戦いなどしとうない。,이제 와서 싸움 따윈 하고 싶지 않다.,29,26,3,1
0x00A24239,敵を全滅させれば図面が手に入るかも。,적을 전멸시키면 설계도를 손에 넣을지도 몰라.,39,36,3,1
0x00A249DD,できれば陸だけでなく、,"가능하다면 육지만이 아니라,",25,22,3,1
0x00A24E63,勝ったも同然！,이긴 거나 다름없어!,17,14,3,1
0x00A25926,陸で敵を食い止め、,"육지에서 적을 막아 내고,",21,18,3,1
0x00A25B00,この目で見届けてやる。,이 눈으로 끝까지 지켜봐 주마.,25,22,3,1
0x00A25C78,他の国の報告も同じようね。,다른 나라의 보고도 같은 모양이네.,29,26,3,1
0x00A26497,考える方が自然ね。,생각하는 게 자연스럽지.,21,18,3,1
0x00A26725,楽勝楽勝ってか！,낙승 낙승이라 이거지!,19,16,3,1
0x00A280A3,先の話なんて、,"나중 이야기 같은 건,",17,14,3,1
0x00A28BC3,それぞれの家へ帰せるわ。,각자의 집으로 돌려보낼 수 있어.,27,24,3,1
0x00A2A082,にはおとるがかなり強力。,보다는 떨어지지만 꽤 강력하다.,27,24,3,1
0x00A2A1DF,使うので連射はできない。,사용하므로 연사는 불가능하다.,27,24,3,1
0x00A2A622,まがった事が大きらい。,비뚤어진 일을 매우 싫어한다.,25,22,3,1
0x00A2AC45,守備力とも高めだが、,"방어력 모두 높은 편이지만,",23,20,3,1
0x00A2B429,力任せな攻撃をするので、,"힘으로 밀어붙이는 공격을 해서,",27,24,3,1
0x00A2B873,手段を選ばない。,수단을 가리지 않는다.,19,16,3,1
0x00A2B9E0,前作でもうかったので、,"전작에서 돈을 벌었기 때문에,",25,22,3,1
0x00A2BAC4,安く生産できる上、,"저렴하게 생산할 수 있고,",21,18,3,1
0x00A2FE77,次も負けないぞ！,다음에도 지지 않겠다!,19,16,3,1
0x00A3048C,あせった方が負けよ！,초조해하는 쪽이 지는 거야!,23,20,3,1
0x00A30904,ザコに用はない・・・,잔챙이에게 볼일은 없다...,23,20,3,1
0x00A30E74,私と戦えた事・・・,나와 싸울 수 있었던 것...,21,18,3,1
0x00A31374,ここらで大勝負じゃ！,이쯤에서 크게 승부를 걸자!,23,20,3,1
0x00A31B15,はが立たない。,상대가 되지 않는다.,17,14,3,1
0x00A31C09,足を取られないで進める。,발이 묶이지 않고 나아갈 수 있다.,27,24,3,1
0x00A3217D,ほぼごかくに戦える。,거의 대등하게 싸울 수 있다.,23,20,3,1
0x00A329A1,間接攻撃ができ、,"간접 공격이 가능하며,",19,16,3,1
0x00A34551,何としてでも右上の１０個の都市を守るのよ！,무슨 일이 있어도 오른쪽 위 10개의 도시를 지키는 거야!,45,42,3,1
0x00A34C66,セーブデータを消去中です。,저장 데이터를 삭제하는 중입니다.,29,26,3,1
0x00D90945,でもたおせるわ。,라도 쓰러뜨릴 수 있어.,19,16,3,1
0x00D91DF4,数で押せばなんとかなるわ！,수로 밀어붙이면 어떻게든 될 거야!,29,26,3,1
0x00D92A76,話を戻すわね。,이야기로 돌아갈게.,17,14,3,1
0x00D9307B,が攻撃で傷ついたら、その分,"가 공격으로 피해를 입으면, 그만큼",29,26,3,1
0x00D937C8,役立たずどもめ！,쓸모없는 놈들 같으니!,19,16,3,1
0x00D93E20,赤色で見える範囲が、,"빨간색으로 보이는 범위가,",23,20,3,1
0x00D9497F,もうこっちのものよ。,이제 우리 승리나 다름없어.,23,20,3,1
0x00D972FF,海でも移動できるの！,바다에서도 이동할 수 있어!,23,20,3,1
0x00D974B5,が移動できる地形のみよ,가 이동할 수 있는 지형뿐이야.,25,22,3,1
0x00D9B70F,これで最後よ。,이걸로 마지막이야.,17,14,3,1
0x00D9BDE4,できる地形は、浅瀬、港のみ、,"갈 수 있는 지형은, 얕은 여울, 항구뿐,",31,28,3,1
0x00D9DDB6,話をもどすわね。,이야기를 다시 돌릴게.,19,16,3,1
0x00D9E039,ここかここよ。,여기 아니면 여기야.,17,14,3,1
0x00DA0D90,は一番上だから、ここで,"은 가장 위에 있으니까, 여기서",25,22,3,1
0x00DA1B71,は、誰にも,"은, 누구에게도",13,10,3,1
0x00DC3DBD,独立で行動してる空部隊があるらしいの！,독자적으로 행동하는 공중 부대가 있는 모양이야!,41,38,3,1
0x00DC4AF2,もうこんな時間か。,벌써 시간이 이렇게 됐나.,21,18,3,1
0x00DCB726,おまたせ！,오래 기다렸지!,13,10,3,1
0x00DCDAE9,じゃないと、安心して先に進めないわ。,그렇지 않으면 안심하고 앞으로 나아갈 수 없어.,39,36,3,1
0x00DCEF96,でも　もうこれでさいご。,하지만 이제 이걸로 마지막이야.,27,24,3,1
0x00DD09BA,守ってみせる！！！,반드시 지켜 보이겠어!!!,21,18,3,1
0x00DEA54A,５マップ目です。,다섯 번째 지도입니다.,19,16,3,1
0x00DECBD9,に戦える。,에 싸울 수 있다.,13,10,3,1
0x00DED12A,副砲での、歩兵系以外の,"부포로 하는, 보병 계열 이외의",25,22,3,1
0x00DED83D,運べるユニットは歩兵系。,수송할 수 있는 유닛은 보병 계열.,27,24,3,1
0x00DEDA7E,「２」の射程に,「2」의 사정거리에,17,14,3,1
0x00DF347A,射程ものびる。,사정거리도 늘어난다.,19,16,3,1
0x00DFBB5A,よう、らっしゃい0x00DFB6F3,今日はなんにするかい？,21,18,3,1
0x00E01922,動き出したの！,움직이기 시작했어!,17,14,3,1
0x00E06B80,しばらくはおきないわ。,한동안은 깨어나지 않을 거야.,25,22,3,1
0x00805394,攻撃補給部隊全待状況,공격 보급 부대 전체 대기 상황,24,20,4,1
0x0089BBAF,・攻‘’『・攻‘’『,・공격‘’『・공격‘’『,24,20,4,1
0x00A09D8A,港で待機するか,항구에서 대기하거나,18,14,4,1
0x00A0A234,今回は時間が限られていて,이번에는 시간이 제한되어 있어서,28,24,4,1
0x00A143E7,よくばって突入しすぎちゃ,욕심내서 너무 깊이 돌입하지 마라,28,24,4,1
0x00A15BAF,指揮官の判断は将兵の命を,지휘관의 판단은 장병들의 목숨을,28,24,4,1
0x00A20256,敵に取らないよう,적에게 빼앗기지 않도록,20,16,4,1
0x00A21DB1,わが国の町を,우리 나라의 마을을,16,12,4,1
0x00A225DE,すぐに追撃す0x00A2266F,やってみねばわからぬ。,22,18,4,1
0x00A235DE,無視す0x00A236C4,誰もいないみたい。,18,14,4,1
0x00A249F4,空からの守りも,하늘로부터의 수비도,18,14,4,1
0x00A26B28,他国の者に聞く前に、,다른 나라 사람에게 묻기 전에,24,20,4,1
0x00A2728C,だまらせた方が,입을 다물게 하는 편이,18,14,4,1
0x00A2A21A,パイプと同じ装甲で作られ,파이프와 같은 장갑으로 만들어져,28,24,4,1
0x00A2AA08,歩兵系の移動力が１増え、,"보병 계열의 이동력이 1 증가하고,",28,24,4,1
0x00A2AA34,歩兵系の移動力が２増え、,"보병 계열의 이동력이 2 증가하고,",28,24,4,1
0x00A2BE92,スキ　・用事のない雨の日,좋아하는 것 ・ 볼일 없는 비 오는 날,28,24,4,1
0x00A2BF28,車両系、海系の攻撃が苦手。,"차량 계열, 해상 계열 공격은 약하다.",30,26,4,1
0x00A2D780,この海は誰のもの,이 바다는 누구의 것인가,20,16,4,1
0x00A2FFD7,戦いは力だけではないわ,싸움은 힘만으로 되는 게 아니야,26,22,4,1
0x00A316C2,ほとんどの地形を、同じ,대부분의 지형을 같은 방식으로,26,22,4,1
0x00A32785,対地、対空攻撃をこなす。,"대지, 대공 공격을 모두 수행한다.",28,24,4,1
0x00B82D82,アニメなし,애니메이션 없음,14,10,4,1
0x00D686DF,υυυ菖υυυ衝,υυυ창포υυυ충돌,20,16,4,1
0x00D92F4A,あとどのくらいで,앞으로 얼마나 더 있어야,20,16,4,1
0x00D96CF3,を使える段階では,을 쓸 수 있는 단계에서는,20,16,4,1
0x00D98136,あの兵力を全滅？！,그 병력을 전멸시켰다고?!,22,18,4,1
0x00DA1BB3,さあ、話を戻すわよ。,"자, 다시 이야기로 돌아갈게.",24,20,4,1
0x00DCA253,ことだし　ね。,"그런 거니까, 말이야.",18,14,4,1
0x00DD12D2,いーえ　なんにも。,"아뇨, 아무것도 아닙니다.",22,18,4,1
0x00DED20D,安く、移動力があるため,저렴하고 이동력이 있기 때문에,26,22,4,1
0x00DED3A1,対する0x00DED486,のマシンガンでの、,18,14,4,1
0x00DF561F,陸ユニットでは　歩兵系,육상 유닛 중에서는 보병 계열만,26,22,4,1
0x00DF8CEA,ハヒフヘホ　ッャュョー,하히후헤호 작은 츠 야 유 요 장음,26,22,4,1
0x00E048F2,させぬ　させぬぞぉ！,"못 하게 한다, 절대 못 하게 해!",24,20,4,1
0x00A01B98,同じ失敗はせぬ。,같은 실패는 하지 않는다.,21,16,5,1
0x00A01F0F,海空の敵を全滅させろ！,해상과 공중의 적을 전멸시켜라!,27,22,5,1
0x00A0237C,得意の海軍でせまるモップ、,"자랑하는 해군으로 압박해 오는 모프,",31,26,5,1
0x00A0858B,こりない連中よね。,질리지도 않는 녀석들이네.,23,18,5,1
0x00A0F583,そばにある工場や港を取って、,"근처에 있는 공장이나 항구를 차지하고,",33,28,5,1
0x00A12520,新兵器が作れるかもって戦いだったから・・・,신무기를 만들 수 있을지도 모른다는 싸움이었으니까...,47,42,5,1
0x00A1539C,うかつには動けん。,경솔하게는 움직일 수 없다.,23,18,5,1
0x00A156CD,気負うのは悪くないが、,"의욕이 앞서는 건 나쁘지 않지만,",27,22,5,1
0x00A16026,好きにはさせん！,마음대로 하게 둘 수 없다!,21,16,5,1
0x00A1B4D8,あと１日ですが。,이제 하루 남았습니다만.,21,16,5,1
0x00A1BC86,敵戦艦が動き出しました！,적 전함이 움직이기 시작했습니다!,29,24,5,1
0x00A1D788,火山からふきだす溶岩だが、,"화산에서 뿜어져 나오는 용암이지만,",31,26,5,1
0x00A1FF2B,勝利できたのだ。,승리할 수 있었던 것이다.,21,16,5,1
0x00A20633,力押しだけじゃ被害が増えてしまうわ。,무작정 밀어붙이기만 하면 피해가 늘어나고 말아.,41,36,5,1
0x00A20CD9,甘えなどは通用せん。,어리광 따위는 통하지 않는다.,25,20,5,1
0x00A212F7,戦いは好かんが、,"싸움은 좋아하지 않지만,",21,16,5,1
0x00A21AAA,きっと勝利がつかめます！,반드시 승리를 거머쥘 수 있습니다!,29,24,5,1
0x00A23C36,ヘでもないわい。,아무것도 아니란 말이다.,21,16,5,1
0x00A259CC,今度こそ勝たねばならん！,이번에야말로 반드시 이겨야 한다!,29,24,5,1
0x00A25DF4,よそで行われる事なら、,"다른 곳에서 벌어지는 일이라면,",27,22,5,1
0x00A2679C,次もガンバりますっ！,다음에도 열심히 하겠습니다!,25,20,5,1
0x00A267D8,次の敵は、今以上の戦力ね。,다음 적은 지금보다 더 강한 전력이야.,31,26,5,1
0x00A2A4D4,メカ好きの元気な男の子。,기계를 좋아하는 활발한 남자아이.,29,24,5,1
0x00A2B122,雨でも移動力が下がらない。,비가 와도 이동력이 떨어지지 않는다.,31,26,5,1
0x00A31FE0,重戦車砲での、歩兵系以外の,"중전차포를 사용한, 보병 계열 이외의",31,26,5,1
0x00A3396D,でも移動力が下がりにくい。,에서도 이동력이 잘 떨어지지 않는다.,31,26,5,1
0x00A33A65,浅瀬を移動できること。,얕은 여울을 이동할 수 있다는 것.,27,22,5,1
0x00D977C7,能力をためすためよ,능력을 시험해 보기 위해서야.,25,20,5,1
0x00D9A117,を守りぬくの。,을 끝까지 지키는 거야.,19,14,5,1
0x00DA0616,空港での「生産」ね。,공항에서의 「생산」 말이야.,25,20,5,1
0x00DA0802,港での「生産」ね。,항구에서의 「생산」이야.,23,18,5,1
0x00DA3ED2,だけど、空系ユニットには地形防御力はプラス,하지만 공중 계열 유닛에는 지형 방어력이 추가되지 않아.,47,42,5,1
0x00DC7E9A,このイ0x00DC81BF,あんたのちから　じっくり見せてもらうわね！,39,34,5,1
0x00DCF9BF,ヒマはないはずだ！,꾸물거릴 시간은 없을 텐데!,23,18,5,1
0x00DEEE16,撃されない。隣接されない,격당하지 않는다. 인접당하지 않는,29,24,5,1
0x00DF6E29,きっと、私の考えすぎね。,분명 내가 너무 깊이 생각한 거겠지.,29,24,5,1
0x00DF71DE,海ユニットの説明よ。,해상 유닛에 대한 설명이에요.,25,20,5,1
0x00DFBA21,一度は入ってみるんだな！,한 번쯤은 들어가 보는 게 좋을 거야!,29,24,5,1
0x00DFCE46,この他に、雨が降りやすい「雨男」ってことは,"이것 말고도, 비가 잘 내리는 「비 부르는 남자」라는 점은",47,42,5,1
0x009D3570,マップを受信中よ、しば0x009D3684,おともだちがそろったら、スタートを押してね！！,44,38,6,1
0x00A1CB67,空と海の戦いなら,하늘과 바다의 싸움이라면,22,16,6,1
0x00A1D6B3,あいつ、何様のつもりだ。,"저 녀석, 자기가 뭐라도 되는 줄 아나.",30,24,6,1
0x00A1DCA1,まず上と右の工場を,먼저 위쪽과 오른쪽의 공장을,24,18,6,1
0x00A25939,その間に0x00A25A62,オレにやらせてくれ。,20,14,6,1
0x00A30AFC,生きては帰さぬ・・・！,살아서 돌아가게 두지 않겠다...!,28,22,6,1
0x00D9672E,攻撃範囲を見たいユニ0x00D96797,まずは、川の間にいる敵部隊をやっつけるの。,42,36,6,1
0x00DC2BC8,0x00DC2C8E,ここで、勝利条件をえらぶと、このマップで勝つ,44,38,6,1
0x00DF58DB,港をも0x00DF597B,陸から海に続く地形。,20,14,6,1
0x00A1382E,気楽にがんばります。,가벼운 마음으로 힘내겠습니다.,27,20,7,1
0x00A15C6D,次こそ勝ってみせる！,다음번엔 반드시 이기고 말겠다!,27,20,7,1
0x00A1D73A,戦場で私情ははさまん。,전장에서 사정은 끼워 넣지 않는다.,29,22,7,1
0x00A22316,今後をどうするかです。,앞으로 어떻게 할지가 문제입니다.,29,22,7,1
0x00A32895,一撃で相手を倒せる。,일격에 상대를 쓰러뜨릴 수 있다.,27,20,7,1
0x00DEE496,爆弾での、船系に,"폭탄으로 하는, 함선 계열에",23,16,7,1
0x00DF5DB4,コスモランドへようこそ！,코스모랜드에 오신 것을 환영합니다!,31,24,7,1
0x00DF7346,前回の作戦で使えた、,"지난 작전에서 사용할 수 있었던,",27,20,7,1
0x00805A24,０１２３４５６７８９アイウエオカキクケコサシスセソタチツテトナニヌネノハヒフヘホマミムメモヤユヨラリルレロワヲンャュョァィゥェォッーガギグゲゴザジズゼゾダヂヅデドバビブベボパピプペポ”゜,０１２３４５６７８９아이우에오 카키쿠케코 사시스세소 타치츠테토 나니누네노 하히후헤호 마미무메모 야유요 라리루레로 와오응 야유요 아이우에오 츳 장음 가기구게고 자지즈제조 다지즈데도 바비부베보 파피푸페포 탁점 반탁점,194,186,8,1
0x00DC8A39,自分のトクイなユニットを0x00DC86CA,さいしょは　ユニットがやられてもいいくらいの,42,34,8,1
0x00DF2B9C,戦闘アニメと占領アニメ,전투 애니메이션과 점령 애니메이션,30,22,8,1
0x00BE701C,拠点全滅ふさんか？,거점을 전멸시키지 않겠습니까?,27,18,9,1
0x00DFA885,特別よ特別よ特別よ特別よ特別よ,특별이야 특별이야 특별이야 특별이야 특별이야,40,30,10,1
0x00A04DE2,ここには工場がないか0x00A04F54,反撃することもできないのだけれど・・・,38,24,14,1
0x00D74594,沓掘靴沓掘靴沓掘,신발파기구두신발파기구두신발파기,32,16,16,1
0x00A0FAE3,ジッケン台になる約0x00A0FCBD,敵研究所を攻撃する作戦を進めていました。,40,22,18,1
0x00A1C6EC,0x00A1CEAE,イーグルやハンナに会わせるかおがないや。,40,22,18,1
0x00A354E8,２４　レッドスター領0x00A351A4,てんそう中ですしばらくお待ちください。,38,20,18,1
0x00DCAF67,負けにな0x00DCAFBC,そう・・・工場やこちらの首都もふくめて、,40,22,18,1
0x00DFB964,ま、ゆっく0x00DFBC5B,ハードキャンペーンには、入ったことあるかい？,43,24,19,1
0x00B84C4C,ショーグン　モッ0x00BE7308,０１２３４５６７８９かくとくそうごう日,38,18,20,1
0x00A2125C,あな0x00A213A1,資金となって返ってくる事を知っておるかの？,41,20,21,1
0x00DC73C7,みなおし0x00DC798A,べつに考えてくれる人がいるんだからっ！,37,14,23,1
0x00D9226D,終わってしまう0x00D92558,占領できるところに近づけておくのがいいの。,42,18,24,1
0x00D94C9A,タマがなか0x00D94D8B,ユニットの最大値まで回復させることなの。,40,16,24,1
0x00D9833D,0x00D97F48,空ユニットは味方の首都、都市の上において,40,16,24,1
0x00A2BF5F,さらに、自軍都0x00A2C290,セレクトボタンでハードキャンペーンと切りかわります,50,24,26,1
0x00D991BB,がんばって0x00D993C4,・・・というふうに　くみあわせを考えながら,40,14,26,1
0x00DC394F,だったっ0x00DC3B5E,だから、ブレイクゲージがたまる前に、できる,42,14,28,1
0x00E0B7F5,ついて0x00E0B99C,あのショーグンブレイクが　やっかいよね・・・,42,14,28,1
0x00D7CDDB,虎虎虎虎虎虎虎原,호랑이호랑이호랑이호랑이호랑이호랑이호랑이벌판,46,16,30,1
0x00D7CE14,虎虎虎虎虎虎虎原,호랑이호랑이호랑이호랑이호랑이호랑이호랑이들판,46,16,30,1
0x008059C4,０１２３４５６７８９ルー索敵てんき将軍ブ0x00805A24,０１２３４５６７８９アイウエオカキクケコサシスセソタチツテトナニヌネノハヒフヘホマミムメモヤユヨラリルレロワヲンャュョァィゥェォッーガギグゲゴザジズゼゾダヂヅデドバビブベボパピプペポ”゜,186,94,92,1
0x00D82748,０１２３４５0x00D82878,０１２３４５６７８９開戦！ガンファイター空の王者マックス出撃スナイパー雪の中の戦い３人の過去特殊部隊長ドミノ能力キクチヨけんざんまちがい最強分断作戦アスカのねらいグリーンアースの海賊海おおいなるつばさ戦いのうしろでリョウ・コピー黒幕決着！シッコクノモリ,250,102,148,1
